experience_level,job_count,salary_avg,applicants,percentage
Entry,5225,24155447.36842105,16.990497624406103,20.81
Mid,12884,35012589.479392625,14.230708661417323,51.3
Senior,7005,65363142.85714286,14.13103448275862,27.89
